City_ID,City,Lat,Lng,Max Temp,Humidity,Cloudiness,Wind Speed,Country,Date
0,waitangi,-43.9535,-176.5597,9.34,87,67,2.68,NZ,1718167230
1,singkil,-7.9855,111.4161,32.31,55,7,1.7,ID,1718167230
2,aasiaat,68.7098,-52.8699,1.29,96,100,3.26,GL,1718167230
3,northam,51.0333,-4.2167,8.12,85,52,0.93,GB,1718167230
4,ust-nera,64.5667,143.2,18.14,29,87,1.54,RU,1718167230
5,margaret river,-33.95,115.0667,15.84,73,34,3.7,AU,1718167230
6,murashi,59.3999,48.9615,22.95,77,87,5.25,RU,1718167230
7,keflavik,64.0049,-22.5624,10.24,93,100,8.75,IS,1718167230
8,bahia de kino,28.8333,-111.9333,31.05,31,0,6.33,MX,1718167230
9,grytviken,-54.2811,-36.5092,-6.37,77,23,4.29,GS,1718167019
10,vilyuchinsk,52.9306,158.4028,11.15,93,100,1.38,RU,1718167230
11,iqaluit,63.7506,-68.5145,-0.15,80,20,5.14,CA,1718167230
12,atafu village,-8.5421,-172.5159,29.13,70,86,1.62,TK,1718167230
13,eyl,7.9803,49.8164,29.19,52,98,11.68,SO,1718167059
14,yellowknife,62.456,-114.3525,13.29,78,75,3.09,CA,1718167231
15,itupiranga,-5.1347,-49.3267,24.18,71,92,1.19,BR,1718167231
16,tiksi,71.6872,128.8694,3.73,75,41,2.08,RU,1718167231
17,ribeira grande,38.5167,-28.7,17.1,84,58,4.02,PT,1718167231
18,tulum,20.2167,-87.4667,27.4,92,68,2.83,MX,1718167146
19,ta`u,-14.2336,-169.5144,27.34,82,99,7.81,AS,1718167231
20,gadzhiyevo,69.2551,33.3362,5.92,91,99,4.9,RU,1718167231
21,hilo,19.7297,-155.09,26.27,82,40,2.57,US,1718167169
22,bel air riviere seche,-20.2542,57.7453,24.82,77,99,7.07,MU,1718167231
23,puerto natales,-51.7236,-72.4875,-0.69,93,31,1.25,CL,1718167231
24,cabo san lucas,22.8909,-109.9124,27.61,51,10,0.45,MX,1718167231
25,haenam,34.5711,126.5989,26.38,60,63,2.22,KR,1718167092
26,adamstown,-25.066,-130.1015,21.76,83,90,6.5,PN,1718167231
27,vilyuysk,63.7553,121.6247,19.44,37,100,2.68,RU,1718167231
28,karasburg,-28.0167,18.75,9.07,78,85,1.37,NA,1718167231
29,sabha,27.0377,14.4283,31.03,11,0,4.97,LY,1718167231
30,stanley,54.868,-1.6985,7.93,94,20,2.06,GB,1718167231
31,puerto lempira,15.2667,-83.7667,27.33,87,63,3.54,HN,1718167231
32,salinopolis,-0.6136,-47.3561,26.02,86,70,4.3,BR,1718167231
33,eastham,41.8301,-69.9739,14.99,93,23,2.79,US,1718167231
34,enewetak,11.3474,162.3373,28.22,80,39,8.04,MH,1718167231
35,santa cruz,-17.8,-63.1667,23.7,88,40,3.09,BO,1718167149
36,invercargill,-46.4,168.35,5.57,80,100,0.89,NZ,1718167231
37,albany,42.6001,-73.9662,15.23,83,79,2.68,US,1718167231
38,urumqi,43.801,87.6005,27.53,30,0,5.0,CN,1718167231
39,puerto ayora,-0.7393,-90.3518,20.86,98,36,2.92,EC,1718167103
40,hamilton,39.1834,-84.5333,17.21,74,0,0.89,US,1718167159
41,okhotsk,59.3833,143.3,9.44,76,13,3.71,RU,1718167231
42,port-aux-francais,-49.35,70.2167,1.78,67,95,17.45,TF,1718167232
43,fale old settlement,-9.3852,-171.2468,29.17,73,67,2.85,TK,1718167232
44,punta arenas,-53.15,-70.9167,1.06,93,20,5.14,CL,1718166935
45,rio grande,-32.035,-52.0986,17.75,96,90,6.01,BR,1718167221
46,uturoa,-16.7333,-151.4333,25.72,71,100,9.12,PF,1718167232
47,mount carmel,38.4109,-87.7614,16.97,63,84,1.85,US,1718167232
48,veraval,20.9,70.3667,31.66,62,73,5.36,IN,1718167211
49,fomboni,-12.28,43.7425,26.63,64,42,6.84,KM,1718167232
50,arraial do cabo,-22.9661,-42.0278,22.15,79,0,3.03,BR,1718167050
51,tangalle,6.024,80.7911,30.09,82,96,7.43,LK,1718167232
52,al jawf,29.5,38.75,26.9,29,0,5.0,SA,1718167232
53,fuling,29.7022,107.3919,29.41,60,51,1.78,CN,1718167232
54,pokhara,28.2333,83.9833,33.2,29,0,3.27,NP,1718167141
55,port elizabeth,-33.918,25.5701,16.72,85,0,7.72,ZA,1718167111
56,sumbawa besar,-8.5,117.4333,33.84,43,91,3.58,ID,1718167142
57,yakeshi,49.2833,120.7333,23.66,33,97,4.81,CN,1718167232
58,kismayo,-0.3582,42.5454,26.82,75,71,7.46,SO,1718167232
59,al hazm,16.1641,44.7769,31.1,14,14,0.69,YE,1718167232
60,avarua,-21.2078,-159.775,23.03,64,75,4.12,CK,1718167232
61,touros,-5.1989,-35.4608,23.76,94,31,4.51,BR,1718167232
62,vorgashor,67.5833,63.95,11.88,77,93,1.74,RU,1718167232
63,n'dalatando,-9.2978,14.9116,14.39,47,2,2.27,AO,1718167232
64,horta,38.5333,-28.6333,16.68,84,59,4.02,PT,1718167232
65,broome,42.2506,-75.833,14.83,94,100,0.0,US,1718167232
66,al ghayzah,16.2079,52.176,29.77,70,20,0.42,YE,1718167232
67,udachny,66.4167,112.4,23.58,32,88,1.4,RU,1718167232
68,la'ie,21.6477,-157.9253,26.98,86,0,3.58,US,1718167233
69,ilulissat,69.2167,-51.1,2.01,100,100,2.06,GL,1718167233
70,bridgetown,13.1,-59.6167,28.27,78,40,8.23,BB,1718167150
71,yeed,4.55,43.0333,24.86,65,57,9.23,SO,1718167233
72,kerikeri,-35.2268,173.9474,13.84,77,71,1.34,NZ,1718167233
73,west island,-12.1568,96.8225,24.99,94,75,7.72,CC,1718167233
74,afaahiti,-17.75,-149.2833,24.93,76,84,9.82,PF,1718167233
75,havre,49.5833,0.3333,8.87,93,0,1.03,FR,1718167233
76,la passe,45.5549,-0.8967,11.13,87,93,3.49,FR,1718167233
77,kirakira,-10.4544,161.9205,28.38,82,43,1.1,SB,1718167233
78,beyneu,45.3167,55.2,27.36,33,100,2.89,KZ,1718167233
79,olyokminsk,60.3736,120.4264,27.01,22,45,2.5,RU,1718167233
80,kasongo-lunda,-6.4667,16.8167,16.68,50,13,1.0,CD,1718167233
81,kailua-kona,19.6406,-155.9956,26.98,91,75,3.6,US,1718167233
82,san patricio,28.017,-97.5169,29.94,86,13,6.92,US,1718167233
83,weno,7.4515,151.8468,29.23,79,41,6.07,FM,1718167233
84,saipan,15.1355,145.701,28.39,83,75,2.06,MP,1718167233
85,kapa'a,22.0752,-159.319,29.99,86,100,7.2,US,1718167202
86,altay,47.8667,88.1167,24.6,40,60,3.71,CN,1718167233
87,ca mau,9.1769,105.15,34.81,47,78,5.26,VN,1718167233
88,khovd,48.0056,91.6419,23.05,38,33,4.99,MN,1718166956
89,ghanzi,-21.5667,21.7833,7.3,51,1,4.01,BW,1718167233
90,shakiso,5.75,38.9167,14.87,99,100,0.5,ET,1718167233
91,bredasdorp,-34.5322,20.0403,13.74,73,2,6.11,ZA,1718167234
92,camiri,-20.05,-63.5167,16.12,88,87,0.71,BO,1718167234
93,ushuaia,-54.8,-68.3,-3.19,74,0,3.6,AR,1718167234
94,crane,31.3974,-102.3501,26.19,58,0,8.38,US,1718167234
95,lorengau,-2.0226,147.2712,27.45,80,97,2.71,PG,1718167234
96,edinburgh of the seven seas,-37.0676,-12.3116,12.43,72,50,10.5,SH,1718167234
97,thompson,55.7435,-97.8558,12.09,94,75,3.6,CA,1718167234
98,ancud,-41.8697,-73.8203,11.1,92,100,5.73,CL,1718167234
99,tongchuanshi,35.0806,109.0897,36.63,15,44,5.1,CN,1718167234
100,bilibino,68.0546,166.4372,19.46,32,20,5.34,RU,1718167234
101,kapuskasing,49.4169,-82.4331,16.0,48,75,3.09,CA,1718167142
102,san carlos de bariloche,-41.1456,-71.3082,4.86,93,100,1.03,AR,1718167120
103,hermanus,-34.4187,19.2345,16.56,84,4,8.0,ZA,1718167234
104,soio,-6.1349,12.3689,22.41,92,32,2.5,AO,1718167234
105,luwuk,-0.9516,122.7875,26.13,86,83,2.67,ID,1718167234
106,carnarvon,-24.8667,113.6333,20.63,80,100,3.04,AU,1718167234
107,hotan,37.0997,79.9269,31.58,15,75,1.97,CN,1718167234
108,guerrero negro,27.9769,-114.0611,16.64,87,0,6.84,MX,1718167098
109,lebu,-37.6167,-73.65,13.14,94,100,8.21,CL,1718167234
110,kataba,13.9833,44.3833,22.39,37,15,0.71,YE,1718167234
111,pemangkat,1.1667,108.9667,29.4,74,93,2.68,ID,1718167234
112,juneau,58.3019,-134.4197,14.0,84,40,4.63,US,1718167234
113,badger,64.8,-147.5333,15.76,84,75,0.0,US,1718167234
114,colonia,50.9333,6.95,10.47,88,75,1.03,DE,1718167234
115,al bawiti,28.3492,28.8659,26.49,30,0,3.26,EG,1718167234
116,whitehorse,60.7161,-135.0538,15.57,38,75,4.12,CA,1718167101
117,talnakh,69.4865,88.3972,6.98,74,100,3.09,RU,1718167235
118,hadibu,12.65,54.0333,29.17,72,74,7.25,YE,1718167235
119,coahuayana de hidalgo,18.7,-103.6583,24.76,90,84,0.39,MX,1718167235
120,bethel,41.3712,-73.414,17.64,89,0,2.06,US,1718167143
121,hasaki,35.7333,140.8333,30.16,71,97,5.5,JP,1718167235
122,ciudad melchor muzquiz,27.8833,-101.5167,29.85,46,0,1.47,MX,1718167235
123,bratsk,56.1325,101.6142,23.27,47,6,0.92,RU,1718167235
124,ola,59.5833,151.2833,13.41,82,95,2.57,RU,1718167235
125,danville,36.586,-79.395,18.21,82,75,0.0,US,1718167235
126,lautoka,-17.6167,177.4667,27.92,69,40,4.12,FJ,1718167235
127,conceicao do araguaia,-8.2578,-49.2647,21.2,54,26,0.06,BR,1718167235
128,sinabang,2.4803,96.3801,30.19,65,98,0.81,ID,1718167235
129,huangyan,28.6478,121.2594,24.94,95,100,2.11,CN,1718167235
130,blackmans bay,-43.0167,147.3167,9.07,75,80,0.89,AU,1718167235
131,mount gambier,-37.8333,140.7667,11.86,56,100,2.96,AU,1718167235
132,vicencia,-7.6569,-35.3267,21.85,97,64,2.21,BR,1718167235
133,rhede,51.8333,6.7,10.94,93,87,2.63,DE,1718167235
134,bani suwayf,29.0744,31.0979,27.75,32,0,5.18,EG,1718167235
135,fortuna,40.5982,-124.1573,13.29,90,100,5.14,US,1718167236
136,salamanca,40.8333,-6.0,9.88,88,13,3.9,ES,1718167236
137,burang,30.25,81.1667,10.84,28,0,2.41,CN,1718167236
138,gangarampur,25.4,88.5167,38.35,37,63,3.85,IN,1718167236
139,tromso,69.6496,18.957,10.01,93,75,3.09,NO,1718167236
140,polyarnyy,69.1989,33.4478,6.39,89,86,4.42,RU,1718167236
141,georgetown,5.4112,100.3354,32.97,64,20,1.54,MY,1718166954
142,papatowai,-46.5619,169.4708,5.65,80,100,4.11,NZ,1718167236
143,porto recanati,43.4365,13.6613,21.28,70,98,1.24,IT,1718167236
144,nantucket,41.2835,-70.0995,16.03,100,0,2.57,US,1718167108
145,flying fish cove,-10.4217,105.6791,27.82,83,100,5.14,CX,1718167236
146,kovancilar,38.7214,39.8681,20.73,40,0,1.73,TR,1718167236
147,dunedin,-45.8742,170.5036,7.67,73,97,2.68,NZ,1718167236
148,santa vitoria do palmar,-33.5189,-53.3681,16.35,93,100,3.94,BR,1718167236
149,mount pearl,47.5166,-52.7813,13.58,90,75,8.23,CA,1718166950
150,haiku-pauwela,20.9219,-156.3051,26.01,72,20,9.77,US,1718167236
151,ormara,25.2088,64.6357,28.42,82,58,5.19,PK,1718167236
152,chilliwack,49.1747,-121.9443,14.17,61,100,2.57,CA,1718167011
153,nacala,-14.5428,40.6728,20.38,78,0,4.91,MZ,1718167236
154,vorkuta,67.5,64.0,12.9,74,95,2.13,RU,1718167236
155,qamdo,31.1667,97.2333,17.56,33,74,1.24,CN,1718167236
156,antonio enes,-16.2325,39.9086,20.98,83,53,4.47,MZ,1718167236
157,lockhart,28.6194,-81.4426,25.52,96,100,3.09,US,1718167236
158,la mira,18.035,-102.3266,25.17,85,62,0.92,MX,1718167236
159,kimbe,-5.5502,150.1429,29.02,83,94,0.37,PG,1718167237
160,nagqu,31.5,92.0,12.31,55,82,5.56,CN,1718167237
161,ghat,24.9647,10.1728,30.53,11,0,1.56,LY,1718167237
162,nuku'alofa,-21.1333,-175.2,26.19,83,75,6.17,TO,1718167237
163,verkhnevilyuysk,63.4453,120.3167,22.95,33,88,1.86,RU,1718167237
164,kabinda,-6.1333,24.4833,18.84,56,85,2.0,CD,1718167237
165,sisimiut,66.9395,-53.6735,1.58,100,100,2.32,GL,1718167237
166,utrik,11.2278,169.8474,27.99,82,21,8.97,MH,1718167237
167,longyearbyen,78.2186,15.6401,3.91,81,75,7.2,SJ,1718167237
168,qui nhon,13.7667,109.2333,35.98,46,91,3.35,VN,1718167237
169,chos malal,-37.3781,-70.2709,7.22,85,100,3.3,AR,1718167237
170,anadyr,64.75,177.4833,9.28,61,20,7.0,RU,1718167237
171,chiang klang,19.2938,100.8617,27.17,92,95,2.07,TH,1718167237
172,san antonio de pale,-1.4014,5.6325,24.62,83,69,4.04,GQ,1718167237
173,grootfontein,-19.5667,18.1167,3.76,75,0,1.54,NA,1718167237
174,quillacollo,-17.4,-66.2833,15.62,14,100,0.45,BO,1718167237
175,susuman,62.7833,148.1667,16.66,29,75,3.58,RU,1718167237
176,newnham,-41.3833,147.1333,12.4,46,75,3.6,AU,1718167237
177,marshall,34.3834,-86.3333,20.99,75,0,2.06,US,1718167085
178,maintirano,-18.0667,44.0167,22.77,78,0,3.1,MG,1718167237
179,qarauyl,48.9451,79.255,16.88,59,80,4.77,KZ,1718167237
180,quellon,-43.1167,-73.6167,10.96,95,97,4.08,CL,1718167238
181,okakarara,-20.5833,17.4333,6.37,51,0,2.96,NA,1718167238
182,college,64.8569,-147.8028,15.81,86,75,0.0,US,1718167238
183,gisborne,-38.6533,178.0042,11.65,72,82,2.14,NZ,1718167238
184,port alfred,-33.5906,26.891,18.43,76,62,4.47,ZA,1718167238
185,rongelap,11.1635,166.8941,27.99,82,36,9.24,MH,1718167238
186,rusape,-18.5278,32.1284,6.31,96,7,1.05,ZW,1718167238
187,corner brook,48.9667,-57.9484,10.09,98,60,0.81,CA,1718167165
188,hawaiian paradise park,19.5933,-154.9731,25.73,80,40,2.57,US,1718167238
189,kendari,-3.945,122.4989,27.16,87,72,2.07,ID,1718167238
190,zeya,53.75,127.2667,22.7,38,45,4.74,RU,1718167238
191,lovisa,60.4566,26.2251,11.27,88,100,2.41,FI,1718167238
192,mount isa,-20.7333,139.5,28.87,16,0,4.63,AU,1718167238
193,soleto,40.1884,18.2063,22.01,96,0,4.4,IT,1718167238
194,satkania,22.0796,92.0572,28.99,76,100,3.06,BD,1718167238
195,acarau,-2.8856,-40.12,24.42,90,19,4.23,BR,1718167000
196,dudinka,69.4058,86.1778,8.94,53,70,3.34,RU,1718167238
197,tsiombe,-25.3,45.4833,18.92,78,82,5.2,MG,1718167238
198,port lincoln,-34.7333,135.8667,15.15,65,99,2.32,AU,1718166970
199,tofol,5.3248,163.0078,30.88,74,75,3.6,FM,1718167238
200,agat village,13.3886,144.6585,30.2,85,40,2.06,GU,1718167238
201,zouerate,22.7187,-12.4521,23.17,37,6,4.81,MR,1718167239
202,inari,68.906,27.0288,10.11,72,100,3.27,FI,1718167239
203,al faw,29.9776,48.4741,34.0,22,0,5.34,IQ,1718167239
204,cannonvale,-20.2833,148.7,25.88,53,0,2.61,AU,1718167239
205,pisco,-13.7,-76.2167,17.03,88,100,1.54,PE,1718167239
206,kennebunk,43.384,-70.5448,16.51,95,0,0.0,US,1718167239
207,yemetsk,63.4721,41.7941,17.13,73,91,1.74,RU,1718167239
208,kabin buri,13.9511,101.7177,34.17,68,99,3.54,TH,1718167239
209,dogondoutchi,13.6393,4.0287,28.58,56,100,4.54,NE,1718167239
210,sinop,41.7711,34.8709,18.24,41,78,1.79,TR,1718167239
211,ust'-barguzin,53.45,108.9833,7.27,99,100,1.37,RU,1718167239
212,geraldton,-28.7667,114.6,19.23,77,100,3.09,AU,1718167239
213,cidreira,-30.1811,-50.2056,18.04,94,86,6.52,BR,1718167239
214,la gi,10.6667,107.7833,33.28,58,60,4.43,VN,1718167239
215,jamestown,42.097,-79.2353,10.01,98,0,0.0,US,1718167068
216,tura,25.5198,90.2201,30.18,78,69,2.36,IN,1718167239
217,lompoc,34.6391,-120.4579,18.34,93,100,2.06,US,1718167239
218,tevriz,57.509,72.4042,22.92,48,3,4.7,RU,1718167239
219,siwa oasis,29.2041,25.5195,28.05,29,0,2.12,EG,1718167228
220,qaqortoq,60.7167,-46.0333,2.23,98,100,1.18,GL,1718167239
221,nisko,50.5199,22.1397,13.29,75,8,1.34,PL,1718167116
222,howrah,22.5892,88.3103,34.0,75,40,4.12,IN,1718167084
223,papao,-17.75,-149.55,25.82,77,57,10.6,PF,1718167239
224,maragogi,-9.0122,-35.2225,24.55,85,62,3.23,BR,1718167239
225,wailua homesteads,22.0669,-159.378,29.24,86,100,7.2,US,1718167239
226,farasan,16.7022,42.1183,30.56,70,3,2.69,SA,1718167239
227,ulladulla,-35.35,150.4667,13.28,52,22,8.04,AU,1718167240
228,kone,-21.0595,164.8658,23.11,54,2,3.18,NC,1718167240
229,newcastle,-32.9272,151.7765,18.87,42,29,9.77,AU,1718167240
230,laguna,38.421,-121.4238,33.51,41,0,4.12,US,1718167240
231,nova sintra,14.8667,-24.7167,24.02,83,14,6.86,CV,1718167240
232,san andres,12.5847,-81.7006,28.01,89,40,1.03,CO,1718167240
233,remire-montjoly,4.9167,-52.2667,25.02,100,100,1.54,GF,1718167240
234,penzance,50.1186,-5.5371,12.38,77,48,4.89,GB,1718167240
235,argo,37.6333,22.7333,30.56,22,1,1.64,GR,1718167240
236,antofagasta,-23.65,-70.4,15.6,83,20,2.85,CL,1718167240
237,tindouf,27.6711,-8.1474,16.25,72,0,8.23,DZ,1718167240
238,ambon,-3.6954,128.1814,26.08,89,75,1.54,ID,1718167240
239,suntar,62.1444,117.6319,25.63,27,14,2.97,RU,1718167240
240,port mathurin,-19.6833,63.4167,24.15,72,50,9.28,MU,1718167240
241,bonga,7.2833,36.2333,17.21,98,89,0.14,ET,1718167240
242,new norfolk,-42.7826,147.0587,9.72,71,83,2.96,AU,1718167240
243,at taj,24.2049,23.2857,26.96,15,0,3.5,LY,1718167240
244,sitka,57.0531,-135.33,11.94,66,75,6.69,US,1718167240
245,santa terezinha,-29.9002,-50.0904,17.95,95,88,6.2,BR,1718167240
246,tianchang,37.9981,114.0156,40.1,14,0,4.7,CN,1718167240
247,severo-yeniseyskiy,60.3725,93.0408,25.11,32,79,1.4,RU,1718167241
248,bamboo flat,11.7,92.7167,31.05,74,40,6.17,IN,1718167241
249,sechura,-5.5569,-80.8222,19.63,79,42,4.74,PE,1718167241
250,ujae,8.9322,165.7642,28.54,82,57,7.58,MH,1718167241
251,novodvinsk,64.4165,40.8122,16.86,70,25,2.04,RU,1718167241
252,ust-tsilma,65.441,52.1498,17.56,78,57,2.24,RU,1718167241
253,lakatoro,-16.0999,167.4164,25.51,84,61,1.48,VU,1718167241
254,ataq,14.5377,46.8319,27.18,44,19,5.26,YE,1718167241
255,parkano,62.0167,23.0167,11.02,71,15,1.82,FI,1718167241
256,copala,16.65,-98.9833,25.79,83,94,1.39,MX,1718167241
257,suva,-18.1416,178.4415,25.71,83,75,2.57,FJ,1718167241
258,shasta lake,40.6804,-122.3708,33.4,32,0,2.76,US,1718167241
259,antsohihy,-14.8796,47.9875,24.79,65,37,1.06,MG,1718167241
260,sorong,-0.8833,131.25,28.32,71,96,2.62,ID,1718167241
261,tripoli,32.8752,13.1875,32.93,29,97,6.26,LY,1718167241
262,waingapu,-9.6567,120.2641,28.69,62,28,6.42,ID,1718167241
263,codrington,-38.2667,141.9667,12.24,55,99,5.32,AU,1718167241
264,petropavlovsk-kamchatsky,53.0452,158.6483,10.33,90,75,5.0,RU,1718167241
265,dorog,47.721,18.7364,16.49,73,86,0.28,HU,1718167241
266,mogadishu,2.0371,45.3438,27.93,74,20,9.26,SO,1718167241
267,isafjordur,66.0755,-23.124,6.42,75,62,4.12,IS,1718167241
268,cervantes,-39.05,-67.3833,11.76,73,100,2.06,AR,1718167241
269,kudymkar,59.0173,54.656,23.66,71,100,5.08,RU,1718167241
270,saldanha,-33.0117,17.9442,13.03,92,0,3.98,ZA,1718167241
271,puerto quijarro,-17.7833,-57.7667,20.23,57,6,0.99,BO,1718167241
272,nuuk,64.1835,-51.7216,0.49,100,100,8.49,GL,1718166960
273,yeniseysk,58.4497,92.1703,24.41,43,79,1.34,RU,1718167242
274,barcelos,41.5388,-8.6151,16.58,87,6,2.08,PT,1718167242
275,urengoy,65.9667,78.3667,13.28,56,100,2.84,RU,1718167242
276,gulsehir,38.7459,34.6252,20.18,52,0,3.09,TR,1718167242
277,primorsko-akhtarsk,46.0497,38.1747,26.45,56,19,4.86,RU,1718167242
278,akjoujt,19.6969,-14.4164,29.99,21,2,7.81,MR,1718167242
279,fortaleza,-3.7227,-38.5247,26.23,89,20,2.57,BR,1718167176
280,benalla,-36.55,145.9833,12.29,50,24,5.94,AU,1718167242
281,ridgecrest,35.6225,-117.6709,33.92,19,0,4.47,US,1718166957
282,prado,-17.3411,-39.2208,20.33,85,3,1.07,BR,1718167242
283,namibe,-15.1961,12.1522,20.49,71,0,1.66,AO,1718167242
284,sierre,46.2919,7.5356,12.35,76,75,0.51,CH,1718167242
285,baruun-urt,46.6806,113.2792,15.63,75,100,4.82,MN,1718167242
286,robore,-18.3333,-59.75,21.13,60,29,1.66,BO,1718167242
287,constantia,44.1833,28.65,24.28,68,95,3.61,RO,1718167184
288,suhbaatar,50.2314,106.2078,18.47,41,53,4.37,MN,1718167242
289,sahab,31.8721,36.005,23.35,38,0,1.54,JO,1718167242
290,egilsstadir,65.2653,-14.3948,1.95,100,100,2.06,IS,1718167242
291,tamiahua,21.2667,-97.45,26.86,85,100,3.04,MX,1718167242
292,marsassoum,12.8275,-15.9806,27.05,67,100,4.16,SN,1718167242
293,mili,6.0815,171.735,29.08,74,95,5.46,MH,1718167242
294,santana,-0.0583,-51.1817,26.1,94,75,1.54,BR,1718167242
295,rincon,32.296,-81.2354,24.98,78,20,1.54,US,1718167147
296,kuusamo,65.9667,29.1833,11.02,82,75,1.03,FI,1718167243
297,kuruman,-27.4524,23.4325,7.22,53,35,3.12,ZA,1718167243
298,klyuchi,52.2667,79.1667,17.13,68,99,3.72,RU,1718167243
299,wynyard,-41.0,145.7167,10.4,62,24,5.08,AU,1718167243
300,darwin,-12.4611,130.8418,31.08,27,92,5.14,AU,1718167243
301,puerto deseado,-47.7503,-65.8938,5.28,89,26,4.03,AR,1718167243
302,alaghsas,17.0187,8.0168,26.23,57,66,1.25,NE,1718167243
303,prince rupert,54.3161,-130.3201,9.83,88,100,8.23,CA,1718167243
304,orange walk,17.8333,-88.8333,26.12,97,98,1.19,BZ,1718167243
305,manay,7.215,126.5397,29.58,67,92,3.61,PH,1718167243
306,labytnangi,66.6572,66.4183,16.88,51,96,0.8,RU,1718167243
307,piti village,13.4626,144.6933,30.17,85,40,2.06,GU,1718167243
308,ad dilam,23.9915,47.1627,35.23,11,0,4.98,SA,1718167243
309,usinsk,65.9939,57.5281,13.93,64,100,3.13,RU,1718167243
310,qarazhal,48.0078,70.7903,21.49,46,4,6.41,KZ,1718167243
311,galesong,-5.3166,119.3661,32.01,75,91,3.44,ID,1718167243
312,kili,5.6439,169.1211,29.04,76,35,4.61,MH,1718167243
313,weiser,44.251,-116.9693,27.11,46,2,4.5,US,1718167243
314,kill devil hills,36.0307,-75.676,21.66,82,0,3.09,US,1718167243
315,al hadd,26.2456,50.6542,35.99,49,0,2.06,BH,1718167243
316,xinyi,22.373,110.9475,29.87,77,93,5.43,CN,1718167243
317,tukrah,32.5341,20.5791,31.69,24,0,3.12,LY,1718167243
318,anse royale,-4.7333,55.5167,27.32,83,20,1.54,SC,1718167244
319,kodiak,57.79,-152.4072,7.73,87,100,4.12,US,1718167244
320,malpe,13.35,74.7167,25.61,80,100,0.79,IN,1718167152
321,plettenberg bay,-34.0527,23.3716,14.3,69,26,2.88,ZA,1718167244
322,east london,-33.0153,27.9116,23.52,25,0,5.66,ZA,1718167207
323,broken hill,-31.95,141.4333,16.84,52,5,7.39,AU,1718167244
324,alice springs,-23.7,133.8833,24.75,23,0,4.63,AU,1718167244
325,mesyagutovo,55.5303,58.2528,23.45,67,79,4.01,RU,1718167244
326,bonab,37.3404,46.0561,20.25,52,40,2.06,IR,1718167244
327,fada,9.5667,8.3,19.22,98,93,0.68,NG,1718167244
328,iskateley,67.6803,53.1512,10.01,76,100,2.24,RU,1718167244
329,denov,38.2667,67.9,36.15,18,5,1.25,UZ,1718167244
330,lamu,-2.2717,40.902,26.26,78,61,7.82,KE,1718167244
331,nizhneangarsk,55.7833,109.55,10.0,77,71,0.89,RU,1718167180
332,bowen,-20.0167,148.2333,22.7,51,0,4.6,AU,1718167244
333,saint-philippe,-21.3585,55.7679,22.77,83,100,8.78,RE,1718167244
334,sandnessjoen,66.0217,12.6316,8.29,93,75,2.06,NO,1718167244
335,seversk,56.6006,84.8864,24.49,51,25,4.24,RU,1718167244
336,am timan,11.0297,20.2827,26.16,66,99,1.5,TD,1718167244
337,puerto baquerizo moreno,-0.9,-89.6,20.7,91,13,3.98,EC,1718167244
338,essaouira,31.5125,-9.77,18.72,77,0,4.63,MA,1718167244
339,indramayu,-6.3264,108.32,29.97,67,61,3.37,ID,1718167244
340,orkney,-26.9802,26.6727,5.3,59,43,2.96,ZA,1718167244
341,st. john's,47.5649,-52.7093,14.04,90,75,8.23,CA,1718167005
342,baltasi,56.3462,50.2062,24.36,66,83,6.49,RU,1718167244
343,portstewart,55.1813,-6.714,9.39,68,98,5.47,GB,1718167245
344,fremantle,-32.05,115.7667,19.95,76,40,2.57,AU,1718167245
345,hammerfest,70.6634,23.6821,9.25,93,75,1.03,NO,1718167245
346,praia da vitoria,38.7333,-27.0667,17.14,94,20,1.79,PT,1718167245
347,leticia,-4.2153,-69.9406,24.03,100,0,0.0,CO,1718167103
348,hithadhoo,-0.6,73.0833,28.5,73,95,2.52,MV,1718167245
349,saint-gaudens,43.0833,0.6667,11.68,98,100,1.47,FR,1718167245
350,padang,-0.9492,100.3543,32.03,70,95,2.32,ID,1718167245
351,freetown,8.484,-13.2299,26.23,87,87,2.45,SL,1718167245
352,fort mcmurray,56.7268,-111.381,16.77,63,100,2.06,CA,1718167245
353,ayorou,14.7308,0.9174,28.12,57,73,6.22,NE,1718167245
354,nuevo san juan parangaricutiro,19.4,-102.1333,18.83,74,95,0.77,MX,1718167245
355,ochakiv,46.6128,31.5498,21.64,82,35,2.65,UA,1718167245
356,sierra grande,-41.606,-65.3557,13.01,69,100,6.34,AR,1718167245
357,yoloten,37.2989,62.3597,37.41,16,10,4.55,TM,1718167245
358,santanyi,39.3546,3.1291,18.23,78,100,3.73,ES,1718167245
359,aykhal,66.0,111.5,23.16,29,70,3.79,RU,1718167245
360,tralee,52.2704,-9.7026,5.9,93,16,1.19,IE,1718167245
361,tolanaro,-25.0319,46.9987,20.04,88,75,6.17,MG,1718167130
362,carbonear,47.7332,-53.2148,14.3,96,100,3.87,CA,1718167245
363,la ronge,55.1001,-105.2842,10.14,81,20,0.51,CA,1718167245
364,sohar,24.3643,56.7468,41.01,13,4,6.17,OM,1718167245
365,sovetskaya gavan',48.9723,140.2878,10.06,92,100,3.88,RU,1718167245
366,kalabo,-14.97,22.6814,7.56,74,0,2.28,ZM,1718167245
367,tazovsky,67.4667,78.7,9.35,48,97,2.46,RU,1718167245
368,saint-joseph,-21.3667,55.6167,22.21,79,99,7.79,RE,1718167245
369,la sarre,48.8002,-79.1996,9.75,80,4,3.65,CA,1718167246
370,hirara,24.8,125.2833,30.92,94,75,9.77,JP,1718167246
371,kiunga,-6.1219,141.2906,25.59,93,100,1.77,PG,1718167246
372,creel,27.75,-107.6333,17.7,33,85,1.32,MX,1718167246
373,baoding,38.8511,115.4903,40.25,16,28,2.85,CN,1718167092
374,sao jose da coroa grande,-8.8978,-35.1478,25.33,82,44,4.21,BR,1718167246
375,luderitz,-26.6481,15.1594,13.94,77,82,4.41,NA,1718167246
376,fort bragg,35.139,-79.006,23.91,73,40,2.06,US,1718167246
377,zawiya,32.7522,12.7278,31.76,34,100,2.37,LY,1718167246
378,jaciara,-15.9653,-54.9683,18.26,51,20,1.22,BR,1718167246
379,kourou,5.1552,-52.6478,25.03,96,100,2.3,GF,1718167077
380,puerto aysen,-45.4,-72.7,7.25,100,98,0.79,CL,1718167147
381,port augusta,-32.5,137.7667,17.42,68,94,2.17,AU,1718167246
382,las tablas,7.7667,-80.2833,25.86,89,100,1.36,PA,1718167246
383,olonkinbyen,70.9221,-8.7187,-0.84,81,80,3.24,SJ,1718167246
384,safi,32.1667,-8.8333,15.45,87,0,3.03,MA,1718167246
385,saudarkrokur,65.7461,-19.6394,9.13,69,8,1.95,IS,1718167246
386,salahonda,2.1019,-78.7217,26.44,83,99,4.83,CO,1718167246
387,lathrop,37.8227,-121.2766,32.01,45,0,3.09,US,1718167246
388,ustka,54.5805,16.8619,10.36,88,53,7.68,PL,1718167246
389,mashhad,36.297,59.6062,31.08,35,0,2.06,IR,1718167246
390,toamasina,-18.1667,49.3833,22.0,88,75,5.14,MG,1718167246
391,oum hadjer,13.2954,19.6966,28.51,47,96,2.91,TD,1718167246
392,san lawrenz,36.0553,14.204,22.67,93,69,5.63,MT,1718167246
393,belaya kholunitsa,58.84,50.8528,24.5,66,93,5.47,RU,1718167246
394,hanceville,34.0607,-86.7675,18.06,77,100,2.14,US,1718167246
395,shalqar,47.8333,59.6,28.48,29,72,3.99,KZ,1718167247
396,mahina,-17.5065,-149.489,25.87,69,40,1.03,PF,1718167247
397,greenville,35.6127,-77.3663,21.19,81,0,2.06,US,1718167247
398,kununurra,-15.7667,128.7333,29.99,26,19,3.6,AU,1718166970
399,clanton,32.8387,-86.6294,21.01,74,100,0.45,US,1718167247
400,kralendijk,12.15,-68.2667,28.99,79,100,9.26,BQ,1718167247
401,greencastle,39.6445,-86.8647,16.03,85,0,1.54,US,1718167247
402,kolokani,13.5728,-8.0339,29.59,45,95,3.34,ML,1718167247
403,nicoya,10.1483,-85.452,24.43,95,100,0.76,CR,1718167247
404,pizarro,4.9533,-77.366,25.82,85,100,0.14,CO,1718167247
405,khorixas,-20.3667,14.9667,15.32,32,0,6.98,NA,1718167247
406,mufulira,-12.5498,28.2407,8.55,74,3,1.95,ZM,1718167247
407,berezovyy,51.6667,135.7,8.52,96,100,1.06,RU,1718167247
408,calbuco,-41.768,-73.1273,12.56,89,96,4.83,CL,1718167247
409,qurayyat,31.3318,37.3428,22.1,37,0,3.09,SA,1718167247
410,brokopondo,4.75,-55.1667,24.72,91,100,2.76,SR,1718167247
411,sault ste. marie,46.5168,-84.3333,13.16,75,100,2.06,CA,1718166986
412,miquelon,47.0975,-56.3814,7.0,96,100,1.78,PM,1718167101
413,karimganj,24.8667,92.35,31.13,77,94,1.23,IN,1718167248
414,hagenow,53.4333,11.1833,10.21,94,93,4.25,DE,1718167248
415,hacienda huancane,-15.8222,-70.8856,2.68,50,100,1.32,PE,1718167248
416,minas de marcona,-15.2119,-75.1103,12.56,83,73,1.62,PE,1718167248
417,pomerode,-26.7406,-49.1769,22.06,98,78,0.17,BR,1718167248
418,agaro,7.85,36.65,18.04,94,82,0.57,ET,1718167248
419,paramonga,-10.6667,-77.8333,17.44,88,94,3.46,PE,1718167248
420,yamoussoukro,6.8206,-5.2767,23.94,94,40,2.06,CI,1718167248
421,bridgewater,44.3835,-64.5155,12.84,93,2,1.03,CA,1718167248
422,callao,-12.0667,-77.15,18.73,82,100,2.57,PE,1718167068
423,reyes,-14.3167,-67.3833,23.53,73,81,1.16,BO,1718167248
424,masterton,-40.9597,175.6575,11.05,66,54,0.81,NZ,1718167248
425,lihue,21.9789,-159.3672,29.58,83,100,7.2,US,1718167172
426,jinka,5.65,36.65,18.22,82,97,1.72,ET,1718167248
427,ulsteinvik,62.3432,5.8487,10.97,76,94,3.13,NO,1718167248
428,richards bay,-28.783,32.0377,15.65,65,59,7.31,ZA,1718167248
429,klaksvik,62.2266,-6.589,8.51,84,100,5.17,FO,1718167248
430,cockburn town,21.4612,-71.1419,27.55,90,100,9.55,TC,1718167248
431,selfoss,63.9331,-20.9971,7.8,88,59,3.44,IS,1718167248
432,bagli,22.65,76.35,35.02,36,20,6.5,IN,1718167248
433,colchani,-20.3,-66.9333,1.84,33,4,1.2,BO,1718167248
434,ponta delgada,37.7333,-25.6667,18.44,82,20,2.57,PT,1718167248
435,gwanda,-20.9333,29.0,6.76,81,0,1.23,ZW,1718167248
436,yermentau,51.6214,73.1069,13.14,87,100,6.63,KZ,1718167248
437,el bauga,18.262,33.9081,33.01,10,69,5.95,SD,1718167249
438,safford,32.834,-109.7076,32.51,13,0,3.09,US,1718167249
439,manokwari,-0.8667,134.0833,28.05,75,100,2.6,ID,1718167249
440,griffith,41.5284,-87.4237,21.7,61,100,2.06,US,1718167249
441,tomatlan,19.9333,-105.25,24.76,86,69,0.48,MX,1718167249
442,arno,60.1167,18.6333,10.44,77,77,2.57,SE,1718167249
443,antalaha,-14.9003,50.2788,22.66,88,100,1.77,MG,1718167249
444,khilok,51.3674,110.4676,10.76,82,100,4.35,RU,1718167249
445,zuwarah,32.9312,12.082,23.57,82,94,9.48,LY,1718167249
446,howard springs,-12.497,131.047,31.04,33,69,1.87,AU,1718167249
447,lumut,4.2323,100.6298,34.01,62,20,2.06,MY,1718167249
448,withernsea,53.7311,0.0335,9.97,82,100,3.03,GB,1718167249
449,whangarei,-35.7317,174.3239,11.34,77,61,0.3,NZ,1718167023
450,hunstanton,52.95,0.5,11.73,81,74,0.45,GB,1718167249
451,dakhla,23.6848,-15.958,19.11,85,0,10.34,EH,1718167249
452,palmer,42.1584,-72.3287,16.9,77,0,0.0,US,1718166962
453,aioun,16.6614,-9.6149,31.97,21,16,0.77,MR,1718167249
454,mukdahan,16.5833,104.5,31.99,61,93,6.82,TH,1718167249
455,vanimo,-2.6741,141.3028,29.24,77,91,2.28,PG,1718167249
456,dingwall,57.5953,-4.4272,8.37,83,87,1.35,GB,1718167250
457,hami,42.8,93.45,35.25,13,40,4.3,CN,1718167250
458,angaur state,6.906,134.13,28.81,73,93,2.38,PW,1718167250
459,sachin,21.0833,72.8833,32.94,58,40,5.14,IN,1718167152
460,el tigre,8.8875,-64.2454,24.58,88,100,6.19,VE,1718167250
461,idrinskoye,54.3708,92.1358,16.09,58,0,0.94,RU,1718167250
462,yunyang,33.4474,112.7142,38.4,24,2,4.27,CN,1718167250
463,verkhovyna,48.1557,24.7911,10.68,99,100,1.26,UA,1718167250
464,kalix,65.853,23.1565,11.54,82,74,2.16,SE,1718167250
465,dalandzadgad,43.5708,104.425,26.22,28,16,6.38,MN,1718167250
466,voranava,54.1483,25.3131,11.61,87,15,3.62,BY,1718167250
467,nandyal,15.4833,78.4833,25.8,78,100,5.44,IN,1718167250
468,magole,-6.3667,37.3667,20.27,63,66,1.3,TZ,1718167250
469,taltal,-25.4,-70.4833,15.86,78,23,0.92,CL,1718167250
470,zhalantun,48.0,122.7167,24.38,33,87,3.78,CN,1718167250
471,kencong,-8.2833,113.3667,28.7,70,31,3.98,ID,1718167250
472,gebeit,21.0667,36.3167,30.5,15,1,3.05,SD,1718167250
473,piacabucu,-10.4056,-36.4344,23.46,90,60,2.28,BR,1718167250
474,saint croix,17.7397,-64.7388,27.25,85,40,3.6,VI,1718167250
475,byron bay,-28.65,153.6167,23.17,43,44,5.33,AU,1718167250
476,dolinsk,47.35,142.8,11.51,99,100,2.77,RU,1718167251
477,meridian,43.6121,-116.3915,27.88,40,0,5.14,US,1718167119
478,salekhard,66.53,66.6019,16.89,51,93,1.79,RU,1718167251
479,buala,-8.145,159.5921,28.75,76,78,1.54,SB,1718167251
480,amungan,15.3652,119.9582,30.85,72,49,3.56,PH,1718167251
481,conception bay south,47.4999,-52.9981,13.91,90,100,3.95,CA,1718167251
482,yarmouth,41.7057,-70.2286,16.09,91,0,1.79,US,1718167126
483,souillac,-20.5167,57.5167,24.21,73,40,7.72,MU,1718167251
484,lethem,3.3803,-59.7968,24.4,89,100,3.14,GY,1718167251
485,ciudad lazaro cardenas,17.9583,-102.2,26.16,80,57,0.45,MX,1718167251
486,korla,41.7597,86.1469,31.85,20,20,3.69,CN,1718167151
487,kudahuvadhoo,2.6708,72.8944,28.73,76,96,5.33,MV,1718167251
488,west melbourne,28.0717,-80.6534,25.99,88,75,6.17,US,1718167251
489,makueni boma,-1.8041,37.6203,17.45,72,64,0.93,KE,1718167251
490,concepcion,-36.827,-73.0498,13.89,94,100,11.83,CL,1718167158
491,chonchi,-42.6128,-73.8092,11.56,97,100,2.16,CL,1718167251
492,g'azalkent,41.5581,69.7708,30.73,29,2,2.47,UZ,1718167251
493,balvi,57.1313,27.2658,10.87,93,42,4.09,LV,1718167251
494,san juan,-31.5375,-68.5364,13.73,48,6,1.84,AR,1718167081
495,buenaventura,3.8801,-77.0312,24.43,92,83,0.87,CO,1718167251
496,mandiana,10.6333,-8.6833,24.03,90,93,2.13,GN,1718167251
497,shanwei,22.782,115.3475,29.05,81,62,5.83,CN,1718167251
498,mar del plata,-38.0023,-57.5575,13.94,89,0,3.09,AR,1718167030
499,mil'kovo,55.6078,37.7956,21.91,84,26,1.95,RU,1718167251
500,lake city,30.1897,-82.6393,25.84,91,100,2.57,US,1718167174
501,mujiayingzi,42.1167,118.7833,27.16,40,7,2.16,CN,1718167251
502,jijiga,9.35,42.8,18.28,76,97,10.01,ET,1718167252
503,zhenlai,45.8495,123.2973,27.17,31,36,4.07,CN,1718167252
504,smithers,54.7804,-127.1743,12.18,87,75,1.03,CA,1718167252
505,beykonak,36.3257,30.303,30.05,49,2,1.54,TR,1718167252
506,domna,51.8971,113.1573,16.09,67,40,5.0,RU,1718167252
507,hassi messaoud,31.6804,6.0729,31.92,27,40,2.06,DZ,1718167252
508,margate,51.3813,1.3862,10.94,76,56,1.79,GB,1718167252
509,bokovskaya,49.229,41.8306,22.14,65,72,2.87,RU,1718167252
510,hopelchen,19.7667,-89.85,25.02,98,100,1.27,MX,1718167252
511,holualoa,19.6228,-155.9522,24.91,93,75,3.6,US,1718167252
512,kolonia town,6.964,158.206,32.06,74,100,5.14,FM,1718167252
513,itamaraca,-7.7478,-34.8256,24.03,87,36,3.67,BR,1718167252
514,chemin grenier,-20.4872,57.4656,23.77,75,69,7.08,MU,1718167252
515,nikolayevsk-on-amure,53.1406,140.73,6.79,98,100,1.79,RU,1718167252
516,berdigestyakh,62.0989,126.6992,22.72,26,78,4.73,RU,1718167252
517,rozhdestveno,53.2375,50.0597,26.55,48,0,2.39,RU,1718167252
518,shirwal,18.1333,73.9833,24.65,80,100,2.77,IN,1718167252
519,kilis,36.7161,37.115,28.13,44,0,3.47,TR,1718167252
520,gamba,-2.65,10.0,21.44,94,52,0.89,GA,1718167252
521,pechora,65.1472,57.2244,14.92,73,100,3.13,RU,1718167252
522,labrador city,52.9463,-66.9114,10.66,57,0,1.03,CA,1718167252
523,bikenibeu village,1.3673,173.1241,29.98,74,75,4.12,KI,1718167252
524,mandalgovi,45.7625,106.2708,21.46,38,42,5.96,MN,1718167253
525,cabedelo,-6.9811,-34.8339,24.37,88,54,4.38,BR,1718167253
526,vila velha,-20.3297,-40.2925,17.97,94,0,1.03,BR,1718167204
527,san jose,37.3394,-121.895,26.08,59,20,4.12,US,1718167005
528,kittila,67.6647,24.8936,14.23,71,0,2.57,FI,1718167253
529,kastsyukovichy,53.3516,32.0506,18.39,95,82,2.65,BY,1718167253
530,victoria,22.2855,114.1577,32.03,82,96,7.15,HK,1718167101
531,kingscliff,-28.2667,153.5667,24.29,41,60,4.63,AU,1718167253
532,mugia,43.1041,-9.2179,12.17,78,37,7.32,ES,1718167253
533,bajina basta,43.9708,19.5675,18.37,91,46,1.26,RS,1718167253
534,kavaratti,10.5669,72.642,28.6,81,100,6.79,IN,1718167153
535,jalasjarvi,62.5,22.75,10.61,79,14,2.13,FI,1718167253
536,zhezqazghan,47.7833,67.7667,24.32,31,20,8.0,KZ,1718167253
537,khanty-mansiysk,61.0042,69.0019,21.06,49,0,2.0,RU,1718167253
538,ndioum,16.5129,-14.6471,29.94,32,2,4.24,SN,1718167253
539,atherton,53.5237,-2.4935,10.68,90,99,0.45,GB,1718167253
540,alderetes,-26.8167,-65.1333,15.15,88,0,1.83,AR,1718167253
541,moranbah,-22.0016,148.0466,28.01,19,0,4.43,AU,1718167253
542,valparaiso,-33.0393,-71.6273,15.0,78,75,1.03,CL,1718167112
543,zhaotong,27.3167,103.7167,19.41,73,100,2.4,CN,1718167150
544,dickinson,29.4608,-95.0513,27.21,87,40,4.12,US,1718167253
545,golere,16.2557,-14.1017,28.58,36,38,7.56,SN,1718167253
546,nemuro,43.3236,145.575,14.63,91,61,6.25,JP,1718167253
547,kegeyli shahar,42.7767,59.6078,29.05,21,86,6.69,UZ,1718167254
548,lensk,60.7253,114.9278,26.36,26,24,3.77,RU,1718167254
549,xai-xai,-25.0519,33.6442,15.99,87,25,1.92,MZ,1718167254
550,kamaishi,39.2667,141.8833,24.92,61,21,3.06,JP,1718167254
551,berja,36.8469,-2.9497,18.2,81,31,1.2,ES,1718167254
552,melekeok village,7.4957,134.6367,34.31,55,75,2.57,PW,1718167254
553,two rivers,44.1539,-87.5693,15.21,93,0,2.06,US,1718167254
554,puerto francisco de orellana,-0.4667,-76.9667,21.4,99,81,0.56,EC,1718167254
555,latakia,35.5148,35.7768,22.1,69,0,1.97,SY,1718167254
556,shumikha,55.2261,63.2961,23.4,65,77,3.48,RU,1718167254
557,kayyerkan,69.3786,87.7439,6.49,73,100,1.63,RU,1718167254
558,betare oya,5.6,14.0833,19.11,92,76,1.04,CM,1718167254
559,alterosa,-21.2492,-46.1431,12.41,70,2,1.09,BR,1718167254
560,chibougamau,49.9168,-74.3659,12.79,88,0,3.09,CA,1718167254
561,sona,45.4388,10.8255,16.98,93,75,1.03,IT,1718167254
562,thunder bay,48.4001,-89.3168,9.99,93,40,2.06,CA,1718166962
563,port moresby,-9.4431,147.1797,30.68,70,40,7.72,PG,1718167254
